video_id,y_true,y_pred
0004_0000,66,66
0021_0010,66,66
0058_0002,66,66
0093_0023,66,66
0099_0020,66,47
0142_0002,66,66
0151_0001,66,66
0154_0005,66,66
0155_0001,66,66
0184_0000,66,66
0186_0025,66,66
0186_0046,66,66
0188_0000,66,66
0190_0000,66,66
0191_0000,66,66
0192_0000,66,66
0193_0028,66,66
0195_0022,66,66
0198_0000,66,66
0199_0000,66,66
0204_0061,66,66
0205_0000,66,66
0211_0054,66,66
0213_0048,66,66
0214_0017,66,66
0226_0016,66,66
0238_0012,66,47
0244_0016,66,32
0249_0001,66,32
0268_0010,66,66
0269_0009,66,66
0270_0000,66,66
0272_0000,66,66
0272_0008,66,66
0275_0012,66,1
0284_0001,66,66
0288_0000,66,66
0290_0009,66,66
0005_0003,32,32
0014_0012,32,32
0019_0011,32,32
0027_0001,32,16
0029_0002,32,15
0038_0002,32,32
0040_0002,32,32
0044_0001,32,32
0052_0002,32,10
0060_0001,32,32
0063_0005,32,10
0064_0004,32,10
0069_0002,32,32
0070_0021,32,32
0074_0011,32,32
0077_0011,32,32
0079_0005,32,32
0080_0024,32,39
0081_0009,32,32
0085_0011,32,32
0088_0019,32,32
0088_0032,32,98
0089_0031,32,32
0090_0011,32,32
0091_0011,32,32
0093_0011,32,32
0098_0013,32,32
0099_0011,32,32
0101_0011,32,32
0102_0010,32,32
0103_0017,32,32
0103_0021,32,32
0104_0008,32,35
0105_0005,32,32
0110_0029,32,16
0113_0001,32,32
0115_0001,32,32
0120_0001,32,32
0126_0001,32,66
0135_0003,32,32
0137_0005,32,46
0146_0011,32,32
0151_0000,32,32
0161_0005,32,12
0169_0005,32,32
0178_0006,32,98
0179_0003,32,32
0183_0002,32,32
0184_0034,32,32
0184_0043,32,32
0185_0016,32,32
0189_0004,32,32
0191_0039,32,32
0195_0003,32,32
0198_0031,32,32
0200_0003,32,32
0200_0016,32,32
0200_0042,32,33
0202_0003,32,32
0202_0040,32,32
0203_0039,32,32
0204_0036,32,32
0206_0003,32,32
0207_0025,32,32
0207_0087,32,12
0208_0010,32,32
0209_0017,32,21
0211_0053,32,32
0212_0036,32,32
0212_0041,32,32
0220_0033,32,32
0220_0046,32,32
0222_0043,32,32
0223_0007,32,32
0224_0001,32,32
0228_0003,32,32
0228_0010,32,32
0232_0016,32,32
0232_0077,32,19
0233_0036,32,32
0251_0005,32,32
0270_0013,32,32
0271_0003,32,32
0276_0004,32,30
0279_0004,32,0
0280_0004,32,32
0283_0001,32,32
0287_0006,32,32
0288_0006,32,32
0296_0001,32,32
0299_0002,32,32
0301_0001,32,32
0302_0006,32,32
0303_0001,32,32
0010_0004,51,51
0011_0005,51,51
0019_0002,51,51
0072_0002,51,51
0094_0002,51,51
0094_0016,51,37
0100_0007,51,51
0105_0034,51,51
0110_0011,51,27
0183_0008,51,9
0184_0004,51,51
0187_0021,51,51
0190_0023,51,51
0191_0006,51,51
0193_0007,51,51
0196_0028,51,51
0197_0007,51,51
0197_0032,51,51
0200_0014,51,51
0200_0047,51,51
0202_0009,51,51
0205_0006,51,29
0206_0021,51,51
0207_0023,51,16
0209_0014,51,51
0212_0060,51,51
0215_0002,51,29
0220_0004,51,51
0222_0006,51,51
0222_0028,51,51
0272_0009,51,51
0304_0002,51,51
0012_0009,28,28
0013_0004,28,28
0014_0004,28,51
0272_0010,28,28
0309_0001,28,28
0012_0015,4,4
0070_0022,4,4
0071_0021,4,4
0072_0021,4,4
0076_0019,4,4
0077_0012,4,4
0083_0012,4,4
0094_0010,4,4
0095_0046,4,4
0103_0028,4,4
0150_0006,4,4
0153_0006,4,4
0157_0003,4,4
0183_0016,4,4
0186_0026,4,4
0196_0018,4,4
0196_0041,4,4
0197_0036,4,4
0199_0018,4,4
0201_0055,4,4
0202_0018,4,4
0208_0011,4,4
0212_0043,4,4
0212_0081,4,4
0217_0018,4,4
0218_0006,4,4
0221_0045,4,4
0226_0012,4,4
0275_0015,4,4
0284_0003,4,4
0287_0007,4,4
0289_0007,4,4
0017_0033,25,32
0045_0001,25,25
0076_0000,25,25
0095_0049,25,25
0106_0000,25,16
0210_0017,25,25
0212_0048,25,32
0212_0086,25,32
0272_0013,25,77
0284_0008,25,25
0288_0012,25,25
0305_0003,25,25
0001_0006,93,93
0095_0050,93,91
0159_0004,93,93
0185_0021,93,93
0272_0006,93,91
0301_0005,93,93
0002_0000,30,30
0016_0011,30,10
0021_0009,30,30
0071_0016,30,30
0073_0016,30,30
0079_0013,30,30
0082_0014,30,30
0088_0024,30,30
0100_0021,30,30
0105_0012,30,30
0165_0000,30,30
0207_0030,30,30
0215_0014,30,30
0223_0024,30,30
0290_0004,30,32
0295_0000,30,30
0114_0005,12,12
0188_0032,12,12
0214_0023,12,12
0230_0042,12,12
0230_0049,12,12
0259_0002,12,12
0261_0005,12,12
0274_0002,12,12
0274_0007,12,12
0275_0002,12,12
0276_0011,12,8
0279_0002,12,12
0297_0002,12,12
0310_0000,12,12
0011_0013,38,38
0013_0007,38,38
0014_0007,38,38
0295_0004,38,38
0007_0015,44,44
0080_0017,44,44
0093_0021,44,44
0095_0020,44,44
0163_0007,44,44
0174_0005,44,44
0217_0031,44,44
0069_0019,21,21
0084_0008,21,21
0086_0010,21,21
0096_0008,21,16
0104_0005,21,53
0184_0010,21,21
0185_0010,21,21
0213_0008,21,21
0222_0010,21,21
0226_0008,21,21
0007_0009,3,46
0094_0022,3,3
0152_0007,3,3
0194_0014,3,3
0210_0012,3,3
0004_0008,47,47
0303_0008,47,47
0306_0004,47,47
0222_0016,87,31
0273_0020,87,89
0274_0017,87,89
0275_0017,87,89
0019_0014,85,85
0071_0014,85,85
0075_0014,85,85
0077_0014,85,85
0184_0019,85,85
0194_0018,85,85
0197_0040,85,32
0202_0046,85,85
0208_0014,85,87
0211_0041,85,85
0220_0036,85,85
0220_0039,85,85
0306_0007,85,85
0059_0009,58,11
0059_0012,58,58
0076_0028,58,58
0079_0020,58,20
0265_0004,58,58
0287_0002,58,58
0007_0010,84,41
0008_0009,84,30
0200_0052,84,84
0201_0056,84,84
0218_0007,84,83
0219_0007,84,84
0302_0003,84,84
0020_0012,42,42
0071_0019,42,42
0077_0020,42,42
0079_0026,42,42
0103_0026,42,42
0152_0005,42,42
0208_0029,42,42
0004_0005,78,78
0015_0032,78,78
0016_0026,78,44
0026_0007,78,78
0035_0008,78,78
0045_0009,78,78
0050_0011,78,78
0056_0014,78,78
0064_0012,78,78
0066_0009,78,78
0091_0028,78,78
0099_0056,78,78
0104_0037,78,78
0111_0010,78,78
0118_0010,78,78
0123_0011,78,44
0134_0007,78,78
0136_0010,78,78
0139_0007,78,78
0140_0010,78,78
0232_0012,78,76
0233_0015,78,78
0290_0000,78,78
0012_0018,83,10
0017_0029,83,83
0102_0017,83,83
0203_0025,83,84
0288_0011,83,83
0011_0017,56,56
0012_0019,56,56
0105_0039,56,56
0197_0013,56,56
0198_0020,56,56
0198_0051,56,56
0199_0020,56,56
0202_0020,56,56
0204_0064,56,56
0205_0051,56,56
0218_0008,56,56
0287_0010,56,56
0289_0010,56,56
0035_0004,75,75
0082_0018,75,32
0083_0019,75,68
0222_0040,75,75
0225_0031,75,18
0016_0017,26,11
0024_0000,26,26
0032_0000,26,26
0035_0000,26,26
0039_0000,26,26
0044_0000,26,26
0049_0000,26,26
0053_0000,26,26
0054_0000,26,26
0068_0000,26,26
0099_0047,26,26
0112_0000,26,26
0113_0000,26,26
0115_0000,26,26
0119_0000,26,66
0124_0000,26,26
0126_0000,26,26
0128_0000,26,26
0133_0000,26,26
0141_0000,26,26
0034_0002,10,30
0045_0003,10,25
0050_0004,10,10
0066_0004,10,10
0093_0036,10,64
0135_0004,10,16
0161_0008,10,10
0230_0005,10,55
0310_0004,10,10
0311_0002,10,14
0312_0002,10,15
0005_0010,48,48
0043_0003,48,32
0067_0006,48,48
0182_0001,48,72
0005_0011,55,55
0018_0019,55,55
0048_0005,55,55
0049_0008,55,55
0093_0040,55,63
0227_0009,55,55
0231_0002,55,55
0232_0029,55,20
0005_0017,76,78
0065_0008,76,78
0232_0023,76,78
0232_0043,76,76
0234_0019,76,76
0005_0019,9,37
0016_0029,9,42
0106_0017,9,32
0245_0000,9,9
0247_0007,9,42
0105_0001,95,95
0147_0006,95,95
0204_0014,95,95
0208_0001,95,95
0212_0050,95,95
0214_0004,95,95
0219_0001,95,95
0272_0014,95,95
0012_0001,39,39
0086_0001,39,39
0087_0004,39,16
0088_0006,39,16
0106_0021,39,39
0184_0028,39,39
0187_0001,39,39
0189_0001,39,39
0198_0001,39,39
0198_0030,39,39
0200_0001,39,39
0201_0040,39,39
0202_0036,39,39
0206_0040,39,17
0225_0001,39,39
0007_0007,5,90
0008_0004,5,90
0017_0008,5,73
0017_0026,5,98
0194_0012,5,86
0217_0002,5,5
0223_0004,5,5
0018_0003,41,41
0083_0010,41,41
0092_0003,41,40
0233_0022,41,41
0079_0009,90,87
0207_0028,90,89
0286_0006,90,90
0299_0007,90,90
0017_0041,19,12
0060_0006,19,19
0060_0007,19,19
0217_0030,19,32
0241_0003,19,18
0241_0004,19,33
0243_0010,19,19
0244_0010,19,7
0016_0005,53,10
0063_0006,53,53
0070_0024,53,53
0079_0023,53,53
0208_0013,53,23
0009_0002,74,74
0193_0005,74,74
0201_0036,74,74
0202_0006,74,13
0202_0011,74,74
0204_0030,74,73
0214_0011,74,74
0224_0008,74,74
0225_0010,74,74
0010_0006,29,29
0014_0005,29,29
0072_0004,29,29
0074_0004,29,29
0079_0004,29,51
0086_0006,29,29
0090_0004,29,29
0095_0040,29,29
0096_0004,29,29
0102_0013,29,29
0107_0003,29,29
0146_0010,29,29
0198_0008,29,29
0199_0008,29,29
0209_0007,29,29
0220_0042,29,27
0011_0008,15,15
0070_0017,15,15
0082_0007,15,17
0083_0009,15,16
0186_0020,15,15
0198_0042,15,15
0015_0002,31,31
0016_0000,31,31
0069_0012,31,82
0072_0000,31,31
0099_0000,31,31
0100_0005,31,31
0185_0002,31,31
0191_0004,31,31
0191_0022,31,31
0199_0004,31,31
0212_0069,31,31
0213_0002,31,31
0220_0002,31,31
0226_0000,31,31
0275_0013,31,31
0069_0001,91,91
0078_0016,91,91
0087_0020,91,91
0088_0022,91,91
0209_0023,91,91
0011_0019,89,89
0105_0041,89,90
0204_0042,89,89
0136_0003,46,46
0159_0008,46,57
0161_0001,46,32
0162_0001,46,60
0170_0001,46,60
0170_0002,46,46
0173_0003,46,60
0173_0004,46,46
0192_0030,46,46
0193_0019,46,46
0218_0013,46,32
0219_0013,46,46
0013_0008,16,16
0013_0010,16,89
0071_0005,16,16
0073_0007,16,16
0077_0007,16,16
0080_0005,16,16
0084_0007,16,16
0093_0007,16,16
0094_0005,16,16
0095_0041,16,16
0110_0014,16,16
0110_0016,16,16
0191_0033,16,16
0198_0009,16,16
0203_0049,16,17
0209_0008,16,16
0211_0007,16,16
0212_0034,16,16
0217_0013,16,16
0217_0015,16,16
0220_0018,16,16
0221_0009,16,16
0221_0036,16,16
0223_0017,16,16
0146_0027,35,35
0147_0003,35,35
0147_0027,35,35
0231_0023,35,35
0234_0022,35,35
0239_0010,35,14
0017_0005,68,68
0018_0017,68,68
0043_0004,68,68
0099_0051,68,68
0104_0001,68,68
0132_0003,68,32
0146_0004,68,68
0230_0073,68,68
0232_0002,68,68
0233_0011,68,68
0237_0000,68,68
0015_0003,82,82
0017_0007,82,82
0070_0003,82,82
0212_0027,82,82
0212_0070,82,82
0075_0008,40,40
0076_0010,40,40
0095_0039,40,40
0096_0018,40,40
0100_0023,40,40
0104_0018,40,40
0015_0008,23,23
0074_0006,23,23
0098_0008,23,16
0099_0006,23,23
0191_0010,23,23
0226_0006,23,23
0015_0016,99,95
0082_0011,99,99
0083_0013,99,99
0086_0015,99,99
0102_0016,99,99
0212_0044,99,99
0213_0050,99,99
0016_0010,0,85
0075_0015,0,0
0088_0023,0,0
0091_0015,0,0
0098_0018,0,0
0100_0020,0,0
0105_0011,0,0
0110_0022,0,0
0207_0050,0,0
0215_0013,0,0
0217_0021,0,0
0222_0013,0,0
0072_0017,52,52
0094_0023,52,52
0146_0019,52,53
0147_0019,52,52
0072_0020,54,54
0079_0027,54,54
0099_0031,54,54
0018_0020,11,11
0020_0026,11,18
0021_0019,11,11
0032_0008,11,11
0042_0004,11,11
0045_0007,11,11
0049_0009,11,11
0054_0006,11,11
0064_0009,11,11
0090_0019,11,11
0101_0006,11,11
0117_0007,11,11
0118_0008,11,11
0121_0006,11,11
0143_0009,11,1
0145_0005,11,11
0184_0013,11,11
0191_0015,11,11
0192_0045,11,11
0198_0044,11,11
0211_0045,11,11
0220_0029,11,63
0238_0002,11,11
0248_0016,11,11
0020_0027,18,18
0021_0020,18,18
0026_0006,18,18
0042_0005,18,18
0045_0008,18,11
0046_0012,18,18
0066_0008,18,18
0093_0042,18,18
0111_0009,18,18
0113_0008,18,18
0116_0007,18,18
0135_0009,18,18
0136_0009,18,18
0046_0002,57,57
0057_0006,57,57
0111_0002,57,57
0112_0002,57,57
0142_0009,57,57
0093_0033,77,77
0183_0031,77,77
0187_0017,77,77
0187_0029,77,77
0188_0019,77,77
0190_0027,77,77
0191_0019,77,77
0192_0017,77,77
0199_0023,77,77
0199_0036,77,77
0205_0046,77,77
0207_0034,77,77
0212_0040,77,77
0221_0042,77,77
0245_0009,77,77
0184_0014,69,69
0187_0014,69,69
0211_0019,69,69
0017_0034,61,61
0210_0018,61,61
0212_0087,61,61
0292_0008,61,61
0293_0009,61,61
0187_0015,70,70
0190_0017,70,70
0192_0015,70,70
0075_0001,81,81
0077_0003,81,81
0084_0001,81,81
0086_0003,81,81
0089_0001,81,81
0094_0001,81,81
0198_0005,81,81
0226_0001,81,81
0018_0007,80,82
0092_0006,80,85
0158_0001,80,80
0186_0016,80,80
0196_0021,80,90
0197_0030,80,80
0204_0023,80,80
0211_0013,80,80
0077_0005,13,13
0077_0010,13,13
0089_0003,13,13
0089_0010,13,13
0091_0003,13,13
0095_0010,13,13
0096_0010,13,13
0103_0004,13,13
0104_0009,13,30
0184_0012,13,13
0185_0012,13,13
0191_0007,13,13
0198_0012,13,13
0208_0009,13,13
0220_0041,13,13
0077_0009,17,17
0085_0009,17,17
0097_0009,17,17
0099_0009,17,17
0196_0009,17,17
0199_0011,17,17
0203_0019,17,17
0203_0047,17,17
0222_0011,17,17
0226_0009,17,17
0086_0023,33,10
0129_0005,33,33
0158_0009,33,33
0175_0009,33,44
0192_0041,33,46
0195_0016,33,33
0196_0025,33,33
0197_0018,33,33
0206_0019,33,33
0227_0006,36,35
0230_0022,36,35
0312_0000,36,78
0230_0045,49,49
0242_0003,49,49
0312_0001,49,49
0021_0014,7,7
0211_0015,7,7
0211_0042,7,7
0234_0014,7,7
0043_0002,24,24
0243_0001,24,22
0244_0001,24,24
0028_0012,43,32
0041_0006,43,32
0125_0004,43,43
0313_0006,43,43
0056_0009,22,12
0088_0030,22,99
0173_0011,22,60
0269_0014,22,22
0087_0009,63,63
0089_0033,63,63
0095_0032,63,63
0198_0035,63,63
0223_0011,63,63
0069_0011,1,68
0070_0008,1,1
0173_0006,1,46
0201_0042,1,1
0074_0018,62,62
0091_0032,62,18
0095_0031,62,62
0181_0004,62,62
0105_0010,86,86
0185_0019,86,86
0198_0022,86,86
0205_0052,86,85
0218_0010,86,86
0075_0017,79,79
0172_0001,79,79
0213_0043,79,79
0221_0022,79,79
0081_0016,37,26
0171_0002,37,37
0211_0050,37,37
0221_0040,37,37
0095_0053,8,32
0107_0001,8,8
0273_0005,8,8
0087_0007,73,73
0190_0004,73,73
0192_0020,73,73
0217_0007,73,73
0187_0005,88,88
0195_0005,88,74
0217_0008,88,88
0080_0003,27,27
0081_0008,27,27
0087_0016,27,27
0187_0007,27,12
0206_0007,27,27
0215_0003,27,27
0241_0008,27,29
0266_0002,27,27
0268_0002,27,27
0278_0003,27,27
0081_0004,2,2
0205_0008,2,2
0223_0014,2,2
0207_0024,45,20
0223_0016,45,45
0276_0012,45,45
0081_0018,59,59
0211_0012,59,59
0213_0036,59,59
0220_0034,59,32
0175_0007,50,66
0244_0003,50,50
0244_0004,50,50
0166_0005,98,96
0167_0005,98,75
0168_0003,98,96
0222_0018,98,98
0089_0028,64,64
0093_0026,64,3
0231_0009,64,32
0233_0004,64,64
0095_0030,14,32
0181_0003,14,46
0230_0040,14,14
0250_0009,14,27
0275_0005,14,14
0296_0020,14,90
0311_0000,14,14
0147_0007,92,92
0194_0011,92,94
0200_0008,92,92
0204_0007,92,93
0204_0015,92,92
0098_0022,72,72
0186_0012,72,74
0191_0037,72,70
0192_0026,72,69
0201_0024,72,72
0213_0045,72,71
0223_0029,72,72
0105_0033,94,92
0200_0013,94,94
0204_0032,94,94
0169_0000,60,60
0170_0000,60,60
0219_0012,60,60
0188_0035,20,20
0192_0058,20,32
0193_0041,20,20
0200_0057,20,20
0259_0000,96,96
0273_0000,96,96
0276_0000,96,96
0279_0000,96,96
0281_0001,96,96
0291_0000,96,96
0185_0014,71,71
0191_0018,71,71
0191_0036,71,72
0213_0020,71,71
0187_0018,67,67
0192_0002,67,67
0192_0018,67,67
0199_0024,67,67
0200_0033,67,67
0201_0002,67,67
0204_0002,67,67
0205_0033,67,67
0206_0018,67,33
0211_0000,67,67
0211_0026,67,67
0213_0022,67,67
0224_0000,67,67
0225_0002,67,20
0211_0001,34,34
0221_0003,34,34
0243_0024,34,34
0244_0017,34,32
0202_0026,97,97
0204_0046,97,97
0224_0035,97,97
0196_0029,6,6
0207_0061,6,27
0211_0031,6,6
0220_0016,6,6
0221_0031,6,6
0251_0003,65,65
0261_0004,65,65
0262_0004,65,65
0279_0001,65,65
