dataset,model,modalities,seed,status,accuracy,macro_f1,weighted_f1,best_val_accuracy,best_epoch,parameters,training_seconds,peak_cuda_memory_bytes,n_test,fusion_weights
wlasl,bilstm,H,379,completed,0.15503875968992248,0.11536213786213785,0.11739892321287672,0.17751479289940827,97,751716,62.62720036506653,173770752,258,
wlasl,bilstm,HP,379,completed,0.13565891472868216,0.09676812076812076,0.09764993834761276,0.16272189349112426,87,804964,65.22334027290344,176009216,258,
wlasl,bilstm,HPF,379,completed,0.1434108527131783,0.10763636363636364,0.10476358267055942,0.1804733727810651,90,1083492,77.38260197639465,187884544,258,
wlasl,spoter,H,379,completed,0.5077519379844961,0.47692857142857137,0.47448012796850003,0.5887573964497042,82,17410660,243.87704038619995,1087548928,258,
wlasl,spoter,HP,379,completed,0.49612403100775193,0.4814632034632034,0.48016935691354296,0.5680473372781065,78,17417316,241.38114714622498,1092357632,258,
wlasl,spoter,HPF,379,completed,0.4844961240310077,0.46572655122655116,0.4618753985033055,0.5295857988165681,71,17452132,246.40206623077393,1097955328,258,
wlasl,encoder,H,379,completed,0.5348837209302325,0.514494227994228,0.5078375113258834,0.6005917159763313,83,7937892,188.34414291381836,928228352,258,
wlasl,encoder,HP,379,completed,0.5310077519379846,0.5159761904761904,0.5197797465239326,0.5976331360946746,84,7944548,190.80010652542114,928930816,258,
wlasl,encoder,HPF,379,completed,0.4844961240310077,0.4734523809523809,0.47422480620155033,0.5562130177514792,95,7979364,195.90327334403992,937114624,258,
wlasl,latefusion,HP,379,completed,0.5348837209302325,0.5131746031746032,0.513525901316599,0.606508875739645,91,15860938,375.6365554332733,1682027008,258,"{'hand_landmarks': 0.6116910576820374, 'pose_landmarks': 0.38830891251564026}"
wlasl,latefusion,HPF,379,completed,0.5542635658914729,0.5527936507936507,0.5449889258028793,0.591715976331361,96,23812143,555.2736783027649,2438760448,258,"{'hand_landmarks': 0.4708040654659271, 'pose_landmarks': 0.2734869420528412, 'face_landmarks': 0.2557090222835541}"
avasag,bilstm,H,379,completed,0.6932584269662921,0.6119096613588841,0.6770693321333818,0.6996466431095406,93,751716,116.30356216430664,167502848,890,
avasag,bilstm,HP,379,completed,0.698876404494382,0.5995993184102805,0.6859373924743674,0.7137809187279152,100,804964,120.8679404258728,170281472,890,
avasag,bilstm,HPF,379,completed,0.7067415730337079,0.6069190632511847,0.6876608493278695,0.7161366313309776,96,1083492,126.6722400188446,180095488,890,
avasag,spoter,H,379,completed,0.7752808988764045,0.7268925814956252,0.7692280180527972,0.790341578327444,57,17410660,390.9612410068512,910758912,890,
avasag,spoter,HP,379,completed,0.8179775280898877,0.7499960966212167,0.8112330778067701,0.833922261484099,95,17417316,382.42311787605286,911084544,890,
avasag,spoter,HPF,379,completed,0.8191011235955056,0.7622750865635958,0.8128559048263745,0.8197879858657244,81,17452132,369.81076312065125,918369280,890,
avasag,encoder,H,379,completed,0.7640449438202247,0.7075946465854472,0.7554215370014773,0.7985865724381626,95,7937892,261.79685258865356,753820672,890,
avasag,encoder,HP,379,completed,0.7966292134831461,0.7366441625244127,0.7888876843409965,0.8186101295641932,62,7944548,265.8395502567291,756688896,890,
avasag,encoder,HPF,379,completed,0.801123595505618,0.7535910993246425,0.7959098601778781,0.7974087161366313,96,7979364,266.292307138443,763102208,890,
avasag,latefusion,HP,379,completed,0.7764044943820225,0.7268909087580263,0.768475761173232,0.7962308598351001,65,15860938,503.3128435611725,1352164864,890,"{'hand_landmarks': 0.6203769445419312, 'pose_landmarks': 0.37962308526039124}"
avasag,latefusion,HPF,379,completed,0.7853932584269663,0.7355521921515347,0.7784527282450391,0.7938751472320377,58,23812143,766.1862554550171,1953370624,890,"{'hand_landmarks': 0.46293821930885315, 'pose_landmarks': 0.27877625823020935, 'face_landmarks': 0.2582855820655823}"
