dataset,model,modalities,seed,status
wlasl,bilstm,H,379,pending
wlasl,bilstm,HP,379,pending
wlasl,bilstm,HPF,379,pending
wlasl,spoter,H,379,pending
wlasl,spoter,HP,379,pending
wlasl,spoter,HPF,379,pending
wlasl,encoder,H,379,pending
wlasl,encoder,HP,379,pending
wlasl,encoder,HPF,379,pending
wlasl,latefusion,HP,379,pending
wlasl,latefusion,HPF,379,pending
avasag,bilstm,H,379,pending
avasag,bilstm,HP,379,pending
avasag,bilstm,HPF,379,pending
avasag,spoter,H,379,pending
avasag,spoter,HP,379,pending
avasag,spoter,HPF,379,pending
avasag,encoder,H,379,pending
avasag,encoder,HP,379,pending
avasag,encoder,HPF,379,pending
avasag,latefusion,HP,379,pending
avasag,latefusion,HPF,379,pending
